id,probability
0,0.3118573765463745
1,0.24534994635428656
2,0.6133794157288092
3,0.3037287072918152
4,0.5419325605085709
5,0.31836304960730444
6,0.28439646770786625
7,0.2958115405720188
8,0.3101288742425325
9,0.254411391162104
10,0.32705106300327197
11,0.7613436059060733
12,0.31406011611482554
13,0.4181389628294335
14,0.5768298042874072
15,0.46026515047017486
16,0.3326104836538206
17,0.24502866209157673
18,0.5954539464172642
19,0.5466062240088747
20,0.27005974419472073
21,0.26029952726297745
22,0.277470940267116
23,0.25730266142823754
24,0.4385039167868592
25,0.5487673625636135
26,0.2600947270451238
27,0.32772821836700244
28,0.26137314323582533
29,0.4736810432547475
30,0.23897856850068702
31,0.4448585855348599
32,0.35135181884705324
33,0.31050453388311594
34,0.24579680354089795
35,0.26120035461471525
36,0.24565061016659442
37,0.24079453967091122
38,0.26015248156715765
39,0.3912926396192395
40,0.2646453468361432
41,0.23406285961334553
42,0.561425527682462
43,0.2580449019622936
44,0.3898523776007588
45,0.232313573641049
46,0.25747208960504314
47,0.2817752536660308
48,0.2529272251470481
49,0.32230198804923904
50,0.24166525190063354
51,0.23324551740248636
52,0.26312342781920023
53,0.24810889717087353
54,0.31955671162939575
55,0.3085190444318493
56,0.2871563313484437
57,0.24460047360290485
58,0.3528622592062833
59,0.27639548903271566
60,0.5477363186312652
61,0.2820569512226946
62,0.6561508322001618
63,0.2638295411426778
64,0.3153062217598592
65,0.3094437420099431
66,0.3083349331787031
67,0.26966420809227526
68,0.26027828950119514
69,0.2435071404502126
70,0.3180132542868309
71,0.25404240009421586
72,0.33618719524554436
73,0.29973592699604723
74,0.27897181962010653
75,0.294948081279024
76,0.27554134910702305
77,0.32708144655682775
78,0.2628003785084786
79,0.240630267761654
80,0.3837524127314423
81,0.25610810085451224
82,0.4340337753756146
83,0.3254826015301614
84,0.317311660925471
85,0.2844007725545947
86,0.30250927525215643
87,0.24528523647616005
88,0.27416951505762993
89,0.3313526747348244
90,0.3459681235239136
91,0.24657504388754684
92,0.4158590438755316
93,0.2999988044698879
94,0.29241697922148546
95,0.25332912013255027
96,0.2317925251655083
97,0.2839335329384204
98,0.5112937144637476
99,0.8000334529218323
100,0.30386403666702777
101,0.2571243865229839
102,0.2644583640508155
103,0.35652802071686446
104,0.5618697603225519
105,0.31976703543299984
106,0.3216699288866526
107,0.2786536395191932
108,0.2418974219853139
109,0.2322407567538506
110,0.5772993109121668
111,0.3217753353977195
112,0.2893637594981629
113,0.43844663091903235
114,0.3098494303025535
115,0.3375811881033078
116,0.2463204817044589
117,0.24304268747091853
118,0.3104720766051502
119,0.5080217713247652
120,0.29596609512524247
121,0.2724790866426536
122,0.2430362168141791
123,0.29919896185173545
124,0.25110907073327754
125,0.39124206234530656
126,0.4538108086858958
127,0.37744677143663374
128,0.2947427208518304
129,0.2936930275458416
130,0.32269277907549065
131,0.4459767787470291
132,0.23254092530309559
133,0.3288813507032748
134,0.3028793676833683
135,0.24372721502001315
136,0.3421699115828307
137,0.2964546705014574
138,0.2309932232356927
139,0.2639155608868701
140,0.22672514488086176
141,0.24570206529915747
142,0.34519201835015645
143,0.23224229553721665
144,0.2374749043472947
145,0.30678167573088655
146,0.26586278784349093
147,0.3614181828388599
148,0.2965701778679838
149,0.3160044244081386
150,0.2828340529952155
151,0.564074374962318
152,0.2633240350087933
153,0.5716314648999173
154,0.7464319328852891
155,0.2969205623401377
156,0.3610530985033866
157,0.2632684921377756
158,0.5091311726931673
159,0.2764622893366901
160,0.6161466898969393
161,0.30163968949430553
162,0.26529065675246394
163,0.2530830792982199
164,0.6304527115498754
165,0.32705401718600347
166,0.6787626320129799
167,0.22764818204226933
168,0.30947506095461574
169,0.3766846585912348
170,0.30642806789295884
171,0.3327475845030785
172,0.3787256547330363
173,0.2544169029828273
174,0.3176965759451854
175,0.4389769115044037
176,0.5717350972387323
177,0.6428640841910809
178,0.38653687639879974
179,0.7261716636124198
180,0.2560904749874517
181,0.5485954088193963
182,0.5822984419013967
183,0.23013784822239444
184,0.2867457973428811
185,0.5955095590529611
186,0.5994682116922362
187,0.27881702192006513
188,0.2946751688562199
189,0.26054252482470497
190,0.32126488442951107
191,0.25523238738832005
192,0.318020183001372
193,0.27954507899417813
194,0.647942701163468
195,0.5781289900013079
196,0.6489473877542699
197,0.23022292993687682
198,0.30214485086882564
199,0.41668458012015086
200,0.2757819849503805
201,0.2973100547759058
202,0.22894181395907662
203,0.41614893644923734
204,0.2304733620497002
205,0.26916601419761976
206,0.22824478705426324
207,0.36800896087035606
208,0.24635147709159866
209,0.23227997349661153
210,0.7106883391948117
211,0.41723938527358617
212,0.2700241512130454
213,0.22670020070355373
214,0.3089827113837257
215,0.2720841348598635
216,0.27523326266628517
217,0.34602456387566505
218,0.3121397972130351
219,0.4579794430479257
220,0.4139923636103531
221,0.449153857207399
222,0.31119831532961106
223,0.24671825617416615
224,0.26384892727616077
225,0.5276914171508976
226,0.2701768730080866
227,0.2338507836032518
228,0.24607857019141646
229,0.28072536585115854
230,0.2969219202325878
231,0.4525257949839754
232,0.23515836384370595
233,0.2676446215123464
234,0.2231143666322145
235,0.27411905648974494
236,0.6763031235270899
237,0.32587953375758394
238,0.44764948889636846
239,0.24339554022005114
240,0.5529933811381785
241,0.7114961795666744
242,0.2331694535620564
243,0.30187893698041085
244,0.2619170241032086
245,0.29037620471257225
246,0.25036047054032534
247,0.533270778231744
248,0.24207018374620615
249,0.6314060726982622
250,0.6486425102817077
251,0.27834316242677737
252,0.3375430172340763
253,0.24459052995762068
254,0.2360092855969507
255,0.26299875879291346
256,0.3572193150651687
257,0.5383865547261779
258,0.285717833540898
259,0.40316301540491983
260,0.2921816240371216
261,0.6610353110463204
262,0.6768990429718568
263,0.3102886516119072
264,0.28825245390692106
265,0.4572050587307112
266,0.2548091118993981
267,0.3283880863806436
268,0.5268009156758313
269,0.3192696441040704
270,0.28089313005308547
271,0.5757407138512111
272,0.29332356150418326
273,0.6140079933811923
274,0.3333428696735217
275,0.23436898686134608
276,0.3230513119577164
277,0.5361709287257271
278,0.3072358674231441
279,0.33909165461530977
280,0.26630682178925796
281,0.26405104561639287
282,0.4578809641862789
283,0.4115682621092966
284,0.28323174791042033
285,0.3460216599106981
286,0.26635724080770024
287,0.2939948467796026
288,0.27869854067682065
289,0.2859955645534648
290,0.2491390590808803
291,0.40415594931235527
292,0.614550974778015
293,0.40236241343965923
294,0.2787213204172241
295,0.2909850726076139
296,0.34803244563369806
297,0.25065013825255616
298,0.3686160591685514
299,0.7653833087591153
300,0.2588845090513335
301,0.3571204966401516
302,0.45773317669433455
303,0.24350968487881097
304,0.35982374659608496
305,0.32556540442082244
306,0.6785299894131939
307,0.253118379969236
308,0.2940272741985968
309,0.5778703884859397
310,0.3465097758565046
311,0.24605201148925304
312,0.31632581191338693
313,0.4304489333206865
314,0.6371115817771027
315,0.281377219759425
316,0.28320671129145386
317,0.5406100729184589
318,0.2620746665385409
319,0.2337249004903169
320,0.26024078151714275
321,0.36817238896096494
322,0.7366527224260042
323,0.6844540406853389
324,0.42755147582076314
325,0.2857090602360885
326,0.2822967620995566
327,0.2617522714805027
328,0.311109402673159
329,0.5822909667575291
330,0.7220292562955709
331,0.2975639154963422
332,0.3332383888294702
333,0.3009390694021571
334,0.29409352966010993
335,0.5749669156315643
336,0.2831920939190152
337,0.2946055347502955
338,0.2437052589674805
339,0.32045331030489016
340,0.2903185673138017
341,0.2478753315865025
342,0.29503520591724164
343,0.5457970029018557
344,0.3087850623835886
345,0.27993701962660905
346,0.2751683658366768
347,0.23766719986679954
348,0.3085718741188767
349,0.23286376571952952
350,0.3016896074740367
351,0.5245716938046137
352,0.24947562284868063
353,0.23522754599096174
354,0.2952669963943652
355,0.3124132595825174
356,0.26565516843075637
357,0.3589658292845451
358,0.25452918761663157
359,0.676127345759876
360,0.29619577242588035
361,0.27235760873147463
362,0.3293677152164255
363,0.2741020586476819
364,0.2856590536841333
365,0.3235701294921367
366,0.24807434736867612
367,0.5068623032921391
368,0.33750025833068115
369,0.26097798624677077
370,0.2796133390465586
371,0.2833751869720655
372,0.30078357557614166
373,0.2884715292280625
374,0.28000089974672643
375,0.2861159919705513
376,0.30000368476317485
377,0.5013825885300932
378,0.60306205756143
379,0.26508453653471087
380,0.5565683117498093
381,0.2515490725273622
382,0.25399468890857524
383,0.5734123469039859
384,0.2445802532285967
385,0.23914754872584656
386,0.2750667833197684
387,0.2795807741808341
388,0.3144291295088889
389,0.2863773958284044
390,0.26548459960423804
391,0.5462259362302844
392,0.5661852270529633
393,0.6301841048644219
394,0.8723434074970746
395,0.2620048355646677
396,0.32844210947510843
397,0.31329460723094127
398,0.3552891962817884
399,0.25875759014727895
400,0.23723231465675187
401,0.252949200818448
402,0.3025303797658206
403,0.22598586120694228
404,0.2698532263387565
405,0.2399506497686575
406,0.338738178381184
407,0.7029957182980933
408,0.26425900069299163
409,0.2341608227022147
410,0.2605117090755547
411,0.3552518600168343
412,0.5433636555194711
413,0.38483457255123005
414,0.3185208571566322
415,0.3222071397925879
416,0.23476468412151835
417,0.5170353727928191
418,0.29216807777731035
419,0.28647922453000063
420,0.33214260772320214
421,0.3046525009005874
422,0.24824041166906022
423,0.30395560598980187
424,0.28582961542361873
425,0.3373461665830158
426,0.24554982781220744
427,0.31270548038183416
428,0.3149956828325319
429,0.3225218757042324
430,0.414141254176949
431,0.2344624234118376
432,0.2387454633056053
433,0.3250446004123733
434,0.31290596548290855
435,0.2676296717209014
436,0.7313297113751406
437,0.26823982985358674
438,0.22611507533043043
439,0.22729324719577196
440,0.250332865228968
441,0.6894503186803993
442,0.3029672172071278
443,0.3278522139583084
444,0.2593669320410589
445,0.5279375541968623
446,0.23331057916229778
447,0.3179350435450272
448,0.3338168193013399
449,0.32149692734770097
450,0.2214842077674052
451,0.4438606186030774
452,0.31575633725060803
453,0.2323069562297607
454,0.2636387037576681
455,0.4732992307730848
456,0.27093311797406794
457,0.2714546685905218
458,0.30850381301921226
459,0.5353394528391808
460,0.24372253235978036
461,0.23865831229770362
462,0.2761408639986169
463,0.2596182525267825
464,0.2903236554109738
465,0.3237127820939395
466,0.32337761760845896
467,0.3233318318520566
468,0.31446216348159917
469,0.25949627753026805
470,0.2730920679174428
471,0.2415371261578713
472,0.24708652423434907
473,0.3100579735921975
474,0.5026341828434124
475,0.3977717346208852
476,0.2679531633491501
477,0.28105997574194946
478,0.30607310513086733
479,0.32176750551807326
480,0.27712065554090815
481,0.30341779601985036
482,0.559562604698626
483,0.29965722029407227
484,0.27318354595337185
485,0.2626703862853097
486,0.2960709719032543
487,0.28230120508013146
488,0.25315163620357606
489,0.46550804501391013
490,0.6511971652296319
491,0.265979526925231
492,0.3013603002495454
493,0.3481926080542863
494,0.3278993222987635
495,0.2592953394153888
496,0.3832098156480281
497,0.3239283479885019
498,0.5641994730949466
499,0.25896640311325675
500,0.28435724598850853
501,0.46563956619131225
502,0.3233335048819817
503,0.31288168886062573
504,0.22804496460475332
505,0.29622401551829436
506,0.33395428681335204
507,0.2879866293208694
508,0.35519986495681694
509,0.24742826224953493
510,0.43469843713794176
511,0.24667636221539463
512,0.2274684058019664
513,0.2943316401723978
514,0.6049381321282173
515,0.6442347721468386
516,0.37025532325011534
517,0.24365928673400306
518,0.2276299880298331
519,0.2588945146457031
520,0.294830282524122
521,0.6900302447426726
522,0.42549846559799404
523,0.4927248176541997
524,0.24658665714956807
525,0.3083538503352281
526,0.32824381541643993
527,0.24493761357491034
528,0.44744165749719145
529,0.5722575592886033
530,0.34746286563358564
531,0.2878462145679239
532,0.6141514295387765
533,0.24817105823751298
534,0.27523063197979447
535,0.5144024727216695
536,0.3161276163086397
537,0.28653682099779
538,0.23911027113074634
539,0.23969518573839455
540,0.2778521272142105
541,0.6257214157927813
542,0.265896058546863
543,0.608336529726882
544,0.35952186634755806
545,0.3303214432563907
546,0.2777816701524449
547,0.30234935255743295
548,0.30055236678939184
549,0.3199069454465855
550,0.2984601455995402
551,0.32684259550903716
552,0.6936272167086632
553,0.3082727959277391
554,0.2672332846210761
555,0.2664395921959806
556,0.2589994441077222
557,0.2667056691046522
558,0.24810753966790508
559,0.37291119919928284
560,0.3232175040179268
561,0.268543070608208
562,0.5324360364786217
563,0.25594230145983127
564,0.7851058864611082
565,0.3008329606497559
566,0.24816120993087956
567,0.33240132094283936
568,0.3031474106116121
569,0.3163643821718811
570,0.25728321414572075
571,0.28564346106334104
572,0.2988835277752926
573,0.7674067141782726
574,0.26383241713701966
575,0.23759850874975968
576,0.24469806727617713
577,0.4164642049219687
578,0.3678700864256265
579,0.5681045484882447
580,0.2634297028017308
581,0.31147786735161564
582,0.26340434826277914
583,0.3600109557760037
584,0.3351986379886274
585,0.5035765409674946
586,0.28363409277210183
587,0.25330451700818496
588,0.28564334772253336
589,0.26984015602578476
590,0.5566933654015351
591,0.7968719313969964
592,0.29708097127999106
593,0.2788251697697972
594,0.33439015788153575
595,0.3268449706210225
596,0.7044944979698421
597,0.3121879408094515
598,0.2760280274678058
599,0.3593247278930736
600,0.7677666855959764
601,0.3469510104238666
602,0.24800478475430668
603,0.26872169091186665
604,0.25104930394936903
605,0.2989680490754772
606,0.2855604874425032
607,0.27302329187955116
608,0.32429990578541246
609,0.3739674097630436
610,0.5142711801928579
611,0.2230999196582443
612,0.26806990665640723
613,0.23007371237871863
614,0.2258608358374758
615,0.5804209932746323
616,0.40467040596826304
617,0.25698310849324346
618,0.23381679208234757
619,0.24135557577976818
620,0.2848077571227523
621,0.9103949977530914
622,0.2516480357262759
623,0.5049287158688742
624,0.44599564420415594
625,0.6492132454629166
626,0.2960763491202884
627,0.24160703078512313
628,0.4229485729982931
629,0.43042647665729894
630,0.3435307408021322
631,0.3081626882671367
632,0.2787024949392686
633,0.25249872442777427
634,0.5499877284435939
635,0.3057616779752166
636,0.3205112781510534
637,0.22392248229855136
638,0.36339893614687246
639,0.26273478835021924
640,0.3842659148243401
641,0.28104370199252
642,0.2942163995806428
643,0.27912890669256296
644,0.2948222920592584
645,0.25812608552274074
646,0.26662528830577686
647,0.26841426449652117
648,0.2768007835409502
649,0.5737999868196257
650,0.6410295174422393
651,0.37208895800191644
652,0.5402985871891106
653,0.4593660982180723
654,0.31360330999289937
655,0.30170042070857683
656,0.22880619884999231
657,0.26706562613463214
658,0.29772050474683953
659,0.6509242232316719
660,0.5131852406823726
661,0.25523823006303825
662,0.274411032045681
663,0.31041154930935155
664,0.27288961310835597
665,0.30773399464281653
666,0.286957662355978
667,0.276404815665947
668,0.22950331411703984
669,0.28899307581143957
670,0.24958624624751688
671,0.30436475018692194
672,0.5651960473034511
673,0.23012661852232744
674,0.47484153153970204
675,0.34621387156299266
676,0.6062835161367376
677,0.2547445533060024
678,0.3679848154210595
679,0.32209278148031795
680,0.32446798379283026
681,0.30415793140960806
682,0.24804071476888898
683,0.35568005412496395
684,0.27446303578667863
685,0.3144162453109629
686,0.2728231817358599
687,0.2792157815162663
688,0.43311045560273526
689,0.2928076801273834
690,0.2484818767133949
691,0.4626163736618309
692,0.4375227516437809
693,0.41613054708366504
694,0.25046172342480993
695,0.22485148599485552
696,0.33070705555771235
697,0.2256933044540349
698,0.25430969506113865
699,0.38928939996415635
700,0.42114596130467885
701,0.43606269971153083
702,0.32865562810136434
703,0.4524519608991134
704,0.306491918289991
705,0.285661760076964
706,0.3047005884277803
707,0.2605171823558761
708,0.25970360882919824
709,0.23739950513589414
710,0.5031102049173937
711,0.2826920766987327
712,0.32206535083878907
713,0.3495535066307097
714,0.2655905920605483
715,0.34291124690532493
716,0.3825049874156031
717,0.27410221807919194
718,0.5008239702907382
719,0.29872230176581627
720,0.24340176154487428
721,0.2615660113603367
722,0.2621793114225017
723,0.3763476970272634
724,0.5873132339461068
725,0.5045173661186654
726,0.2626036264426049
727,0.4486656649940526
728,0.5964662912227405
729,0.2520713914446943
730,0.26419488487918746
731,0.26844379563949533
732,0.2494400174106791
733,0.2794040771134215
734,0.28319121365573835
735,0.3038728288276097
736,0.5204652231360887
737,0.30124675081782765
738,0.2866329184133444
739,0.30340447838002804
740,0.6534111115489876
741,0.25588065846199615
742,0.400175160388835
743,0.23886115108169034
744,0.2350020157077557
745,0.7274898122220231
746,0.7026607418149701
747,0.5359908919300601
748,0.31318159826421144
749,0.26905444123533506
750,0.23224150342514882
751,0.4571139362770037
752,0.24910376785785368
753,0.3019499771215433
754,0.31050722356539856
755,0.25428519076265077
756,0.30247433480553776
757,0.5292464640497023
758,0.24161038659602066
759,0.5031733664115339
760,0.25821173571554606
761,0.3670551554986972
762,0.4785732111353256
763,0.3082757768734681
764,0.3101342272238883
765,0.2632681677827327
766,0.24020457557223238
767,0.2556819088743134
768,0.24545393556951203
769,0.24223908662235072
770,0.2843067854123667
771,0.25100713390816665
772,0.28465772710955173
773,0.27045938885114557
774,0.5501207642457945
775,0.7098856467014356
776,0.27061079647874964
777,0.29418779813605367
778,0.3512694305764674
779,0.23276349341284722
780,0.5527471001620661
781,0.2533052450931271
782,0.30283598254635463
783,0.2530318149472044
784,0.3486522625390561
785,0.29499843851245566
786,0.24783999772943888
787,0.3131082205015669
788,0.27145293244475677
789,0.2640474288779658
790,0.24692309929605355
791,0.2424517362461864
792,0.24398544935713753
793,0.24559673786952793
794,0.37333523904061516
795,0.41748362631558544
796,0.2377329016877317
797,0.2986893338364886
798,0.23097566537860886
799,0.2941515207916979
800,0.28163603738521226
801,0.24660520988455936
802,0.5578277732512118
803,0.2613332997467999
804,0.26024187514198144
805,0.25854757909625553
806,0.2734750876548249
807,0.49849853176339065
808,0.5137745498744928
809,0.6870494363612408
810,0.24194657968738273
811,0.3146768836721052
812,0.33286114293885094
813,0.27694461885387023
814,0.24994496240107383
815,0.2833551601956136
816,0.30965639454830063
817,0.3014958773116926
818,0.5122305776162019
819,0.2377916320418186
820,0.28631366441384576
821,0.25598372863284163
822,0.38891405368205334
823,0.2534853641758186
824,0.328366818604676
825,0.5044009876024026
826,0.33257898451225787
827,0.28702027454010126
828,0.3217872447228132
829,0.29711235370071565
830,0.6279204193256686
831,0.40438510672471667
832,0.27901358151277056
833,0.2520873646776745
834,0.24416601274430313
835,0.3014304947624571
836,0.7805365649906406
837,0.2966757929004204
838,0.2770238829650547
839,0.2630713263822052
840,0.2652712091468982
841,0.3069594125163022
842,0.7303661610242942
843,0.7283614471502802
844,0.4895182898286004
845,0.2796354749665856
846,0.6164658325638078
847,0.3658285157372357
848,0.286592201600313
849,0.27521252117336337
850,0.24559561258984924
851,0.2480928355827768
852,0.32369281825341567
853,0.32237781621295036
854,0.2852631382290211
855,0.2479252978133999
856,0.24196748175967453
857,0.3668366896436801
858,0.2563676443896858
859,0.2542284213204233
860,0.2406785746221628
861,0.24839687738433747
862,0.2938959794425354
863,0.29496844972654285
864,0.6827976744534215
865,0.2464159323582889
866,0.27372766225298995
867,0.309960543389885
868,0.2543085717679905
869,0.3468637179806086
870,0.758371097850652
871,0.2405894216174486
872,0.286025451450735
873,0.27793481262020137
874,0.29254912649462755
875,0.2908556117963838
876,0.24716896128153368
877,0.2426200235137711
878,0.24435946734290026
879,0.23059828741330476
880,0.2544327926566009
881,0.270715761207102
882,0.39465747119423933
883,0.6754918987256314
884,0.2807943495851047
885,0.32923191454810274
886,0.742478724480138
887,0.29345956464503176
888,0.6241466683679724
889,0.2999497370398971
890,0.23197444468427886
891,0.48158544185721175
892,0.5520913064398609
893,0.6351183866818063
894,0.26166575312241197
895,0.25632665738562715
896,0.3140360420777403
897,0.33707560475278997
898,0.3103415529852967
899,0.26505624115139365
900,0.7415989211394505
901,0.2302215592333372
902,0.2627103925742505
903,0.5972887301829277
904,0.4979116079862949
905,0.2354606560111324
906,0.586020539000018
907,0.2375131933911565
908,0.6517192283143655
909,0.3186064988588225
910,0.4522410240735501
911,0.34419182320258934
912,0.24138045008511708
913,0.2852744000212249
914,0.23570575887573125
915,0.3072951837845933
916,0.2393342474506919
917,0.3290496369337814
918,0.3492201903761829
919,0.47292843391881745
920,0.22760029455036004
921,0.2998019565274102
922,0.4767121971666991
923,0.28908937543859037
924,0.39211032573154303
925,0.5736320549617526
926,0.27070239040443694
927,0.2703126294422693
928,0.29006169647628816
929,0.32391356061560195
930,0.28276764163971874
931,0.3294498038922287
932,0.45937001416599516
933,0.27684179075077503
934,0.24307257509229246
935,0.3051486617838059
936,0.5444286809078238
937,0.6060893077282338
938,0.2427562360269217
939,0.5565113516772361
940,0.2540418008802304
941,0.40036284945443407
942,0.2688942600979467
943,0.2918014782840473
944,0.34994154074348344
945,0.2785665074474476
946,0.2476472329279051
947,0.22797861142542747
948,0.3084265659766835
949,0.30566431308240366
950,0.31023856221071516
951,0.28915366642559576
952,0.5430645301265895
953,0.23354567655841627
954,0.2708903554804665
955,0.4670382255720246
956,0.26744939963925957
957,0.2250491132845953
958,0.3210658910470763
959,0.33132553068964266
960,0.34621443235096827
961,0.26102217489511637
962,0.2760426952302231
963,0.3028028303807932
964,0.248628547749708
965,0.2912502161140377
966,0.6794291537417806
967,0.3687516011454604
968,0.6007592550647726
969,0.3060292292767125
970,0.5200366831432428
971,0.27069204021149945
972,0.25033263934398
973,0.48512666905296825
974,0.581760354453529
975,0.5981060062507285
976,0.6859951029695196
977,0.28714453474753854
978,0.37875088449548955
979,0.2999444257167531
980,0.45274796990117877
981,0.49928723808653147
982,0.46160830122652574
983,0.29009584440552444
984,0.5356909075147358
985,0.3008218293111088
986,0.3433520212115503
987,0.48239113783243726
988,0.3117459093208837
989,0.41754963880884993
990,0.2426558618406435
991,0.3264823440687747
992,0.3377854842876472
993,0.5953152723906538
994,0.22672513308780984
995,0.2986103134565629
996,0.3156682272740838
997,0.3043884759750833
998,0.34405737983841855
999,0.29157108188881214
1000,0.309878963747032
1001,0.28678470139882417
1002,0.3480348030955445
1003,0.24059304477155052
1004,0.24701030469418533
1005,0.23424342236348814
1006,0.23714348297588825
1007,0.5729316949356279
1008,0.3028649979262086
1009,0.34457380343275595
1010,0.23504945644108236
1011,0.2328601066273434
1012,0.41972140412544084
1013,0.2714112157727445
1014,0.2898346790519746
1015,0.6289116885604307
1016,0.24158156495414335
1017,0.393242217414453
1018,0.2527863790803818
1019,0.22868916534125738
1020,0.413131021769864
1021,0.3005836359906367
1022,0.6736412793472348
1023,0.31339301942802655
1024,0.24958517226609586
1025,0.31898362244325873
1026,0.22153557546013633
1027,0.3281648224723924
1028,0.27306753414738977
1029,0.36111566043657467
1030,0.5438320125004042
1031,0.37400616925285474
1032,0.3302316218646412
1033,0.3223097363736386
1034,0.496236158311868
1035,0.2662782552578754
1036,0.24882620187885368
1037,0.27738212411720276
1038,0.2324505216614173
1039,0.4014719821803564
1040,0.549253379887632
1041,0.3686495503121835
1042,0.42029878088126843
1043,0.2598377437326221
1044,0.22782365260475906
1045,0.24746176093135958
1046,0.6087086072654472
1047,0.28565336795720847
1048,0.53638600550849
1049,0.4784952225558794
1050,0.5707275785799473
1051,0.2897955026135181
1052,0.24583202460057152
1053,0.2826372081240803
1054,0.27489116522411267
1055,0.4411929669300033
1056,0.6860794241429723
1057,0.2466913781680405
1058,0.27848225221802503
1059,0.4503054220816287
1060,0.2286647969604168
1061,0.5478029448001145
1062,0.3904716817963008
1063,0.49090891949960336
1064,0.29886209894823995
1065,0.5839081030368781
1066,0.24617638402679648
1067,0.3171823116348174
1068,0.2674078463807543
1069,0.28938837011739144
1070,0.40627709961367353
1071,0.2375973647123805
1072,0.277102538345409
1073,0.30114996111155706
1074,0.25121900489540333
1075,0.27128925356383243
1076,0.5556467553757902
1077,0.2726341641743132
1078,0.6662444186928366
1079,0.34561871395906385
1080,0.26949064954224655
1081,0.46679127330677134
1082,0.24441801774783747
1083,0.23803954673049973
1084,0.7476960669605427
1085,0.269844070279796
1086,0.6826893710520006
1087,0.2496172600565023
1088,0.3885811289994004
1089,0.3786864072796394
1090,0.535687890220384
1091,0.48497204918374737
1092,0.2985985217484371
1093,0.5959415133923542
1094,0.2482797888964651
1095,0.542907608301594
1096,0.29857074080425394
1097,0.2869160256666944
1098,0.6870830077275347
1099,0.232182934911991
1100,0.28388868905971476
1101,0.6367394527075176
1102,0.23205085752669188
1103,0.22979991351763324
1104,0.45151595238291425
1105,0.6358992774046403
1106,0.25021724892555397
1107,0.3798402282447023
1108,0.2854488999214237
1109,0.525414861415318
1110,0.27373615357891123
1111,0.30375820983761687
1112,0.23555152700279966
1113,0.6207803191344241
1114,0.25732856531384884
1115,0.24960785318643272
1116,0.2445575029384417
1117,0.30675197078340516
1118,0.7652189911617492
1119,0.23153388369888614
1120,0.30667944564488425
1121,0.6578412832386478
1122,0.3112365378664833
1123,0.45239977637060247
1124,0.28137811656898765
1125,0.594269535407607
1126,0.3137900545484218
1127,0.43848601400134124
1128,0.3479003153711077
1129,0.26553688569715556
1130,0.2724095753274507
1131,0.28795630816715084
1132,0.25512502310297697
1133,0.24199172975633573
1134,0.26875322493217885
1135,0.24818305015762618
1136,0.3396175888741921
1137,0.23498875704573327
1138,0.31897263993350367
1139,0.3132791698266425
1140,0.26920694715622473
1141,0.2723108297018713
1142,0.2874848167941829
1143,0.24196419510897588
1144,0.2737170522443309
1145,0.27349020319643713
1146,0.4304805511291137
1147,0.40605593167872306
1148,0.2739382250062565
1149,0.22054517698336187
1150,0.4860936618897448
1151,0.24602131408031142
1152,0.2689216431973046
1153,0.4238740517415301
1154,0.2601307013597771
1155,0.29477222662113495
1156,0.2332729232604301
1157,0.7496801174680118
1158,0.3045630773284432
1159,0.2610309154254445
1160,0.22856658022795076
1161,0.2969859782092778
1162,0.2547010762516675
1163,0.23051118849327154
1164,0.2767855355044259
1165,0.2862515475738995
1166,0.22590131305224964
1167,0.30082412813730314
1168,0.38076785967916693
1169,0.34656148778244095
1170,0.6543216782795436
1171,0.26031780303294366
1172,0.32298355158925895
1173,0.5256034042328782
1174,0.621133151922588
1175,0.22870016647451039
1176,0.2590424676587302
1177,0.3217557747235048
1178,0.5352292135732348
1179,0.2551210829979241
1180,0.7021458214116749
1181,0.37160780878302835
1182,0.28689374875347595
1183,0.5196528717846833
1184,0.34934672588317667
1185,0.28022693760489
1186,0.25367294972577537
1187,0.26764507117208347
1188,0.4415072431405233
1189,0.26523530020036334
1190,0.2761893525319461
1191,0.24144865864224194
1192,0.30510142995899586
1193,0.25034318451559445
1194,0.25404744680959157
1195,0.25303353160701664
1196,0.28018905428339547
1197,0.4730448709888932
1198,0.32423531697242935
1199,0.5026821338772683
1200,0.4406836168582213
1201,0.23478704407659726
1202,0.27209508670458693
1203,0.2555015699695038
1204,0.30493776641377207
1205,0.25399935296902054
1206,0.33067255426329323
1207,0.3041273490120847
1208,0.2750452256118817
1209,0.2966334395055904
1210,0.2929308724069639
1211,0.26654097363197155
1212,0.24392139826229203
1213,0.29584608475771423
1214,0.2956853166823201
1215,0.2662384440714809
1216,0.44856227071545746
1217,0.38136621104138624
1218,0.2878481569518781
1219,0.4877012221515616
1220,0.23930963925286736
1221,0.27457845166687833
1222,0.25558559266835806
1223,0.7751284321794288
1224,0.588248279316026
1225,0.40155232026453175
1226,0.7317926799788207
1227,0.22831256899461155
1228,0.29945664822181095
1229,0.25645867775267783
1230,0.27552826067661385
1231,0.6095739254401896
1232,0.3025477457034811
1233,0.31461824088514706
1234,0.5345819319981944
1235,0.2957947754013112
1236,0.313878504338979
1237,0.7100182314788652
1238,0.6651715101818896
1239,0.4144282649398252
1240,0.5862533419183864
1241,0.7725653031272135
1242,0.630184037399231
1243,0.7146609109724187
1244,0.5030468658750356
1245,0.32093291205881497
1246,0.28659488652367193
1247,0.2725030672237554
1248,0.2510703991579922
1249,0.5823127277120096
1250,0.2454125412816258
1251,0.27720091191525853
1252,0.32309694949232565
1253,0.47874045071272364
1254,0.2538505092886042
1255,0.29297578632124166
1256,0.40064280116729045
1257,0.23320480649639008
1258,0.28105718661968815
1259,0.2858477240773251
1260,0.28517938815322696
1261,0.26238710562544276
1262,0.5551045733319122
1263,0.2255258950750552
1264,0.34799115024366545
1265,0.5731510999644052
1266,0.3175117784643638
1267,0.23142975070158747
1268,0.2795132954168871
1269,0.25789106436007075
1270,0.3971979154227177
1271,0.3309758016984488
1272,0.31933436767944506
1273,0.25478652373020816
1274,0.29569156874557373
1275,0.6658771952304532
1276,0.2651566062494308
1277,0.2820886590557817
1278,0.33408823735373905
1279,0.22896214997609515
1280,0.3028486066191636
1281,0.24429199293873513
1282,0.3285619983390456
1283,0.3190594467089915
1284,0.2599888586028642
1285,0.2449148799621786
1286,0.2559330966241083
1287,0.2877935901873992
1288,0.27747364101751804
1289,0.27393998656279706
1290,0.5239342285216878
1291,0.33267715253333635
1292,0.25046848314410064
1293,0.3083706865655755
1294,0.24168442104949947
1295,0.30407687793634514
1296,0.2859131375135121
1297,0.251130141736785
1298,0.5126726071750423
1299,0.6668226708510345
1300,0.4800559415177809
1301,0.2676175731796877
1302,0.29917986099261745
1303,0.22725283114433759
1304,0.2669707988410835
1305,0.2657745799495226
1306,0.2427363467616673
1307,0.30911109936933445
1308,0.34258940397437226
1309,0.34023902151741775
1310,0.2862718142627394
1311,0.3156494789284961
1312,0.33001618428891805
1313,0.24351091728291624
1314,0.28472822292583433
1315,0.30712567659181894
1316,0.29852007979992173
1317,0.7226319705059236
1318,0.2931033212244103
1319,0.25982552349040167
1320,0.4559328792333037
1321,0.22322756009033906
1322,0.25255802935849425
1323,0.4800232839909391
1324,0.3041920132003627
1325,0.8144015079786745
1326,0.293293030100567
1327,0.32580716382120883
1328,0.3016493357579898
1329,0.24374918341305649
1330,0.29083977809193085
1331,0.23824014871495006
1332,0.2803328345676592
1333,0.27163377684254564
1334,0.3772835666198122
1335,0.320099333569431
1336,0.35783187403573535
1337,0.31067099605851767
1338,0.6685428209646638
1339,0.26957764118377525
1340,0.3577417080395878
1341,0.5198338873249164
1342,0.2696401648610337
1343,0.29864465909065707
1344,0.23219300403417992
1345,0.43185363704635576
1346,0.6946298112906749
1347,0.25249282714971377
1348,0.26914021809748556
1349,0.24581485161087457
1350,0.2782122687422304
1351,0.23627414067372396
1352,0.2490194293283437
1353,0.5244204267295147
1354,0.2518083822272552
1355,0.28338078285735463
1356,0.439392298347908
1357,0.23989974768039704
1358,0.34649508204389656
1359,0.29752334493312943
1360,0.31743401301870333
1361,0.3019386107517306
1362,0.3016990712968587
1363,0.4259352981780486
1364,0.3026795886033469
1365,0.24290324201908536
1366,0.3522229002803127
1367,0.29108797451801194
1368,0.3258301609244286
1369,0.44695274398899437
1370,0.8128962406627795
1371,0.3751343042941947
1372,0.6682264714526073
1373,0.7546519469711499
1374,0.49422771593561854
1375,0.28185606941924146
1376,0.2472361757746034
1377,0.32157833446863776
1378,0.33345257554792135
1379,0.4592793990968851
1380,0.43871039888294455
1381,0.6747905875276783
1382,0.2853047510973696
1383,0.5932311144811069
1384,0.7870094830172013
1385,0.27561714921389513
1386,0.39731705235723225
1387,0.511523099194165
1388,0.25392615799661294
1389,0.22380804527598602
1390,0.2595120241085901
1391,0.2595698445916197
1392,0.23971192283120757
1393,0.2479537597236132
1394,0.2757585203610817
1395,0.27475482879846114
1396,0.6735058497941947
1397,0.23025178666825596
1398,0.27892381218354656
1399,0.3169933553616567
1400,0.33480274800884
1401,0.2995027804531056
1402,0.2705830862503855
1403,0.43156926395865325
1404,0.2595638122904877
1405,0.27284029353572736
1406,0.518771061015403
1407,0.31751604519461407
1408,0.29044508180014583
1409,0.23863282565219177
1410,0.5130321997563413
1411,0.2244770460793025
1412,0.22940806959747184
1413,0.3016607201198704
1414,0.5708404723513539
1415,0.23261693526072616
1416,0.2471070289943082
1417,0.2936430045222353
1418,0.28898058273303184
1419,0.2593131099982836
1420,0.6774482578640603
1421,0.4439737837962325
1422,0.251552283443449
1423,0.428930520090043
1424,0.2904207585264069
1425,0.25457422406319163
1426,0.39388659997495784
1427,0.2702179783027643
1428,0.23494138855207303
1429,0.2356357919980732
1430,0.847026288184723
1431,0.30796629938104464
1432,0.39128117026138576
1433,0.28079712820206704
1434,0.3147752241425376
1435,0.4215562322432904
1436,0.2891429144837441
1437,0.4490630895197022
1438,0.24164641589359032
1439,0.23358938920435843
1440,0.26389929593367173
1441,0.5258522653652453
1442,0.25849807925235985
1443,0.541558905655793
1444,0.2871661265336126
1445,0.26639319011793255
1446,0.3038732053675109
1447,0.2548127722309239
1448,0.28516530797296713
1449,0.3281174552331636
1450,0.27040271220812095
1451,0.25042984212471686
1452,0.38541203215012687
1453,0.23722012194986727
1454,0.2873068615526331
1455,0.5538619609605668
1456,0.41243157046803886
1457,0.4859202561588099
1458,0.25620219313910647
1459,0.6293443665536751
1460,0.7272513016050624
1461,0.3209923567514968
1462,0.7324516002386886
1463,0.31575589235191914
1464,0.5100064848645653
1465,0.29969892707052703
1466,0.24685422790168565
1467,0.7205494195954141
1468,0.3092295714405681
1469,0.5801131722545458
1470,0.23281814343723614
1471,0.7473656498085808
1472,0.3641481890978182
1473,0.4437838739162612
1474,0.35060529976116617
1475,0.2996221913169113
1476,0.27003684845372355
1477,0.443224588876948
1478,0.27694483366118505
1479,0.2556112246249873
1480,0.3059599527986842
1481,0.32785643795829145
1482,0.2509505695361754
1483,0.7043141416508045
1484,0.29821178219272654
1485,0.4648649613266344
1486,0.2656098126162102
1487,0.2428124970107786
1488,0.21987466674624717
1489,0.2535622743716277
1490,0.24557668300759428
1491,0.40158628521243117
1492,0.29594496633398876
1493,0.27191520831095806
1494,0.2598833142183378
1495,0.28591196442030276
1496,0.2832920058527639
1497,0.7947726973084925
1498,0.2933513833866911
1499,0.2594406645919893
1500,0.26475608699402287
1501,0.2928124647732691
1502,0.2347011670523291
1503,0.5527439522380547
1504,0.3522282048571603
1505,0.3057244724638584
1506,0.5263652290439179
1507,0.2350010949205318
1508,0.3134879140719376
1509,0.7017953374586583
1510,0.29864624705293635
1511,0.3851256173194132
1512,0.24265458164252152
1513,0.3025168869170789
1514,0.4837676475362065
1515,0.24872899027277395
1516,0.28033043839975824
1517,0.3510537382542831
1518,0.33028284688883747
1519,0.2423914058043072
1520,0.40860183336004574
1521,0.596586498875361
1522,0.28971624039002686
1523,0.27381828519497803
1524,0.35327950337241887
1525,0.42848952424452763
1526,0.26494829555872806
1527,0.556930092304872
1528,0.26496087793356654
1529,0.2956207352233686
1530,0.32688034598546606
1531,0.5637830159893074
1532,0.27533470215757117
1533,0.2940227666260197
1534,0.24334544335783823
1535,0.4073989628707637
1536,0.26015496980100095
1537,0.2488775002364888
1538,0.4074715342085365
1539,0.22757136330560215
1540,0.24805082957724114
1541,0.579456854827337
1542,0.6793862675890129
1543,0.2734324214069858
1544,0.40902548547156753
1545,0.2874547127084995
1546,0.29492401292981446
1547,0.5718634937856465
1548,0.24415527435865705
1549,0.44623745074302545
1550,0.2841340871571528
1551,0.2989930268670989
1552,0.46334538706479955
1553,0.27774419029974956
1554,0.4262833304106573
1555,0.34576707110615396
1556,0.3928415567453872
1557,0.24871902165279353
1558,0.28328072820844563
1559,0.28321493180879737
1560,0.2856682569824721
1561,0.4405810537895183
1562,0.23985622167258455
1563,0.285787436066546
1564,0.31140977414780674
1565,0.2716158855997875
1566,0.31565033968687306
1567,0.258922998188102
1568,0.3541087339514217
1569,0.37597316292168625
1570,0.24556263916708848
1571,0.3060590089938086
1572,0.5784482050124655
1573,0.7429384397187583
1574,0.2827062702888967
1575,0.35053622154396263
1576,0.25331427830656056
1577,0.5184374925764331
1578,0.2883980454091677
1579,0.25434147462604073
1580,0.24087881775330142
1581,0.327326976885541
1582,0.22959522998938847
1583,0.277768083507608
1584,0.5167047169083802
1585,0.2458572435620482
1586,0.2421113632632103
1587,0.3177061744484169
1588,0.23372086639341869
1589,0.4943815284140598
1590,0.2496184874570902
1591,0.39377068897872397
1592,0.33611219491533206
1593,0.28800546320356857
1594,0.7367442834760576
1595,0.36340435003789273
1596,0.26186221380673125
1597,0.4546529358759831
1598,0.2331927243792745
1599,0.28744578184085257
1600,0.324661395634521
1601,0.2617758967029164
1602,0.2549213433008545
1603,0.24943269806523677
1604,0.28351902090591374
1605,0.342731740516737
1606,0.3148353988291754
1607,0.22439152098968498
1608,0.29585435163014623
1609,0.468266445308848
1610,0.27674482271881845
1611,0.30508235913872633
1612,0.3447264046807527
1613,0.2305625446113767
1614,0.32459366592575123
1615,0.3355131288275666
1616,0.3080438367178158
1617,0.25941496628251043
1618,0.6590794198892777
1619,0.2949069148509572
1620,0.27174887236861006
1621,0.5474979501615505
1622,0.2642042856505778
1623,0.23235443178183737
1624,0.6743938442983091
1625,0.47996877327950943
1626,0.303416091762619
1627,0.33324631061427873
1628,0.314466872524774
1629,0.5386626379029051
1630,0.24362316624432542
1631,0.2758070606725015
1632,0.2570838560150859
1633,0.30305799998669386
1634,0.374854263365134
1635,0.2953297257364722
1636,0.2850926513928432
1637,0.4657252142465762
1638,0.2698498138383099
1639,0.27577925715684853
1640,0.30915657249033024
1641,0.2785365135795414
1642,0.2956577762853362
1643,0.262314454195444
1644,0.29078104909262764
1645,0.4877273050654849
1646,0.33779978478017747
1647,0.3216202307170736
1648,0.2569369916621259
1649,0.5238680267259699
1650,0.24335316446126634
1651,0.30484559903859665
1652,0.26937772595343523
1653,0.28022520245175253
1654,0.6237459454928806
1655,0.3109802971556512
1656,0.2649534961048987
1657,0.30910457523621426
1658,0.2695283178349231
1659,0.27007079639987813
1660,0.29453549507378
1661,0.41889849190570416
1662,0.24584627792131186
1663,0.5023438501143185
1664,0.2550543720657492
1665,0.590312001304475
1666,0.4401517981071622
1667,0.4316297469963515
1668,0.3346897393907844
1669,0.30732063143295163
1670,0.23461250831940922
1671,0.3347926793605566
1672,0.7964879318495213
1673,0.2726803737377488
1674,0.5379596385080362
1675,0.5110161842054421
1676,0.2397868566337426
1677,0.2611941736261676
1678,0.2698362889318139
1679,0.3068209121134484
1680,0.2916011390797328
1681,0.24599670725784645
1682,0.33045105942475755
1683,0.5342166854378779
1684,0.37366749431961027
1685,0.5021955724383849
1686,0.29844493000190675
1687,0.5897764565249739
1688,0.39020551452619545
1689,0.2696693486042634
1690,0.34215541457777404
1691,0.32084419874606085
1692,0.3403246209759109
1693,0.6027236251903094
1694,0.3072272900668238
1695,0.33266830891014965
1696,0.31143950615653493
1697,0.25164829934775423
1698,0.24708768450653082
1699,0.5233609153528931
1700,0.31832743784942513
1701,0.2408356263489554
1702,0.23969213926164545
1703,0.34188612947221436
1704,0.2353775870190223
1705,0.26545106074710356
1706,0.24692698290084153
1707,0.23928865341884734
1708,0.28220704977661293
1709,0.3134378731289588
1710,0.24914720425415063
1711,0.5180607795306024
1712,0.2872817731646609
1713,0.23534556534434864
1714,0.2501130054086847
1715,0.2858653496013015
1716,0.22510558974076417
1717,0.2587648881699394
1718,0.3236519625386373
1719,0.26812956359193757
1720,0.24859053447207227
1721,0.293433727074111
1722,0.32419279554184327
1723,0.32291520797635265
1724,0.48116195511080906
1725,0.290418051999826
1726,0.27168346750500666
1727,0.3105648948314992
1728,0.3384329770221766
1729,0.30634782818659784
1730,0.3395080021203145
1731,0.24341164132102705
1732,0.30860040804220223
1733,0.22953777993209176
1734,0.7007935792087734
1735,0.6222266819147912
1736,0.30246253852547006
1737,0.2538399787689138
1738,0.2559999608048162
1739,0.6667216595827162
1740,0.24391009619099446
1741,0.23619764183867642
1742,0.34636500623097005
1743,0.33042848379248874
1744,0.3022226974039557
1745,0.23184248164742305
1746,0.25076948388654147
1747,0.298180684081002
1748,0.2582130490690958
1749,0.28746489515123863
1750,0.2447899443989802
1751,0.23769273585373626
1752,0.6051298831353178
1753,0.29658314169471844
1754,0.24760010171521774
1755,0.3117716327421214
1756,0.5813310568821483
1757,0.3679905821217686
1758,0.29461951588335755
1759,0.32034095967787835
1760,0.45274712580630966
1761,0.4250511589125309
1762,0.2685612502438042
1763,0.31809130674838343
1764,0.24818503017455765
1765,0.6628718432389187
1766,0.266898766491193
1767,0.25151233159018116
1768,0.25813953722468563
1769,0.25064145106928526
1770,0.3107287396622166
1771,0.8367119301523975
1772,0.2481787713732823
1773,0.30430235882215106
1774,0.2348742424718443
1775,0.22630412259043303
1776,0.29492075814787566
1777,0.46969010610718387
1778,0.3384311233903584
1779,0.2911358418601972
1780,0.26540950326269697
1781,0.28322064916641226
1782,0.6032367228471632
1783,0.6723571320308244
1784,0.3742165247726774
1785,0.6667415058059085
1786,0.31494898764641077
1787,0.25290122842762924
1788,0.31154020833556867
1789,0.2302099736300455
1790,0.3385513648736362
1791,0.21983200137776976
1792,0.23220936313035223
1793,0.2942015123794402
1794,0.609552794890185
1795,0.26085750316946055
1796,0.31460534126797246
1797,0.24768229677253753
1798,0.32905460827180355
1799,0.2257071034358659
1800,0.24713669466216392
1801,0.2678618165618946
1802,0.25312331321951087
1803,0.2955198142020191
1804,0.3043879440845591
1805,0.5585049473571488
1806,0.3045881125584393
1807,0.7727690406051753
1808,0.22471708890815328
1809,0.3335370674822082
1810,0.24194118624489566
1811,0.42489629031892456
1812,0.30257559296222974
1813,0.2896899713682581
1814,0.26599249810044695
1815,0.23751901466624545
1816,0.25626291059054657
1817,0.29317443043680463
1818,0.2525201508960971
1819,0.2560885231699473
1820,0.35729383050444885
1821,0.3486108737091741
1822,0.30297555758818556
1823,0.2842692451534629
1824,0.2434215972405216
1825,0.28525607117804563
1826,0.3551341940892047
1827,0.26291975793609895
1828,0.47535408262574946
1829,0.248087682069983
1830,0.2784798577470511
1831,0.25304307953329824
1832,0.43698212398309855
1833,0.4986454418539531
1834,0.2836244362127726
1835,0.311092707894734
1836,0.43863907197802715
1837,0.743496904703505
1838,0.2431815104909889
1839,0.2835327063121005
1840,0.3457266554347148
1841,0.27804634959312774
1842,0.5927353211635187
1843,0.2604308297564792
1844,0.5149632155176402
1845,0.23066836359506127
1846,0.22362694550425688
1847,0.5503173966197291
1848,0.29495169384981257
1849,0.5991512768679234
1850,0.23175306308028684
1851,0.2525381721930686
1852,0.33537801049435084
1853,0.25527125224721997
1854,0.34285787682879926
1855,0.5770294395992464
1856,0.6110860231968543
1857,0.29165301571963
1858,0.27317661882370975
1859,0.5902648449821722
1860,0.5782028717444725
1861,0.22454673361799726
1862,0.2762882952150907
1863,0.525672775159908
1864,0.33606027046866027
1865,0.2922545842084543
1866,0.3780488328927809
1867,0.294020873385717
1868,0.2765822062035361
1869,0.2473737350404779
1870,0.590134058693818
1871,0.5986594255872754
1872,0.29894640138889456
1873,0.2733334321209196
1874,0.25363301863586984
1875,0.27197634657474323
1876,0.5362965003048711
1877,0.3836986308973952
1878,0.3380302861630769
1879,0.3898440500774719
1880,0.35722327342113824
1881,0.3118007284928581
1882,0.6764746801668278
1883,0.46563983000903514
1884,0.2587869857366468
1885,0.27152729868967423
1886,0.3270833512214674
1887,0.4796780967373458
1888,0.42139860491224435
1889,0.3264883615035103
1890,0.2931211021307764
1891,0.2619848425322529
1892,0.2863986273078706
1893,0.2476698225022369
1894,0.25194861685314524
1895,0.26307960901146127
1896,0.2556372320168232
1897,0.2967866545374821
1898,0.3169177524062403
1899,0.6680128156205906
1900,0.27221996985235364
1901,0.5284770099942004
1902,0.28547472436952365
1903,0.2729531758678161
1904,0.3978977345400206
1905,0.27436161481782767
1906,0.23267841560825414
1907,0.3880918808804579
1908,0.5803622401289839
1909,0.26160230841268445
1910,0.40968189589059906
1911,0.2828129749157098
1912,0.2709345907083519
1913,0.2826587124163144
1914,0.2728213501364314
1915,0.6690774397556946
1916,0.3082789738216253
1917,0.321666727377911
1918,0.24300380226056728
1919,0.25472819383471534
1920,0.648117452893821
1921,0.3787482986686018
1922,0.2738357698585535
1923,0.4305879316491373
1924,0.35463856018921336
1925,0.490608241944965
1926,0.3046521777396491
1927,0.2514068144740089
1928,0.5904416612668568
1929,0.3075817104861738
1930,0.24158997379018865
1931,0.32371993192240106
1932,0.281519246882024
1933,0.25470200407269994
1934,0.4365262193355868
1935,0.38823412820989417
1936,0.2264914331735526
1937,0.3025032306364913
1938,0.29742965984207254
1939,0.2499919221723527
1940,0.5755518339579828
1941,0.49497909541224383
1942,0.23502994132481766
1943,0.31178249074767694
1944,0.5571162742630285
1945,0.2765675985001656
1946,0.27320054585964226
1947,0.42077198521589876
1948,0.5335588471596722
1949,0.5189055927554272
1950,0.6637293529888708
1951,0.25824525674200655
1952,0.2875573011244382
1953,0.284415329911895
1954,0.2845431182150694
1955,0.5615857295817226
1956,0.5800121542507923
1957,0.4219858212362451
1958,0.24846545434068765
1959,0.4299001976795781
1960,0.2973722884802726
1961,0.3323596268451188
1962,0.27811197198857224
1963,0.235402062192148
1964,0.2639811531800116
1965,0.22533872492175075
1966,0.6074956116939884
1967,0.6224730405703882
1968,0.3615493113471127
1969,0.332919218458791
1970,0.2730993750726964
1971,0.5881399035158384
1972,0.3212858835972262
1973,0.4413740836851703
1974,0.4944252660187013
1975,0.5780188737890919
1976,0.25975463097096324
1977,0.3296411495058361
1978,0.2517461123333662
1979,0.5276171654448147
1980,0.25698964315481254
1981,0.27280507554034766
1982,0.28695852463027355
1983,0.27141647906471883
1984,0.2451250624156576
1985,0.28306680206039553
1986,0.5705043807191049
1987,0.47497516899202935
1988,0.2781631072355746
1989,0.6019480015837833
1990,0.32892915506349174
1991,0.2306357170849628
1992,0.47291079204610265
1993,0.3403195718478645
1994,0.2986526962544196
1995,0.5260337181204545
1996,0.31015296687201155
1997,0.5822815014064661
1998,0.35054870535129246
1999,0.2703176982990079
2000,0.3033112388449375
2001,0.24652772418312086
2002,0.31851018263359676
2003,0.5617721687137436
2004,0.30105646191066116
2005,0.24842730126540405
2006,0.3406773844371845
2007,0.24247854118140155
2008,0.32994532657228215
2009,0.3204934528594212
2010,0.3063893137346178
2011,0.2354826096954088
2012,0.2880711546368498
2013,0.7466731819677649
2014,0.5052093275994204
2015,0.2859490675673262
2016,0.24292270729213544
2017,0.3117174672252898
2018,0.4530436487122022
2019,0.25062351216578227
2020,0.26011781772607656
2021,0.5838288286663423
2022,0.28898693569209805
2023,0.3058301463639388
2024,0.26866974818321565
2025,0.525853109268676
2026,0.2786624457829747
2027,0.23632940693493598
2028,0.6183832492745568
2029,0.4598740831624009
2030,0.28814822129873585
2031,0.46859578416997494
2032,0.30064523296415124
2033,0.3018188084303947
2034,0.3468206082858768
2035,0.27245134162566115
2036,0.2602587146861179
2037,0.34680681743364133
2038,0.6997887378772851
2039,0.24572483153483735
2040,0.33977481070211835
2041,0.8408135453105756
2042,0.28373803468972897
2043,0.4854306063062344
2044,0.30033942550902615
2045,0.2283570351275143
2046,0.4240424567070612
2047,0.4363039594656138
2048,0.7997548198745997
2049,0.33888111141874494
2050,0.6452078944174866
2051,0.2290187910077438
2052,0.467270413949483
2053,0.2652070860891723
2054,0.26874963331445023
2055,0.7349502925087752
2056,0.2383509297025023
2057,0.27080197060678923
2058,0.4914941454634381
2059,0.2706714882814186
2060,0.2699607111752584
2061,0.27016352890869066
2062,0.30031642127977753
2063,0.4778922476561728
2064,0.2422753492784241
2065,0.3582213786754103
2066,0.32335149938596364
2067,0.5007819750026666
2068,0.3203571622727949
2069,0.22506285684696198
2070,0.5641676838543294
2071,0.605145640439343
2072,0.49503188699970324
2073,0.2704302645945902
2074,0.2979811763061755
2075,0.2981082457777902
2076,0.35912983577014906
2077,0.25500164642215095
2078,0.7487582271250226
2079,0.3034958217460306
2080,0.2833366467650655
2081,0.28597056666701787
2082,0.4852476986784638
2083,0.5445260395025227
2084,0.25859310641420247
2085,0.24666010928341608
2086,0.23393451440893698
2087,0.26196577320034675
2088,0.7651986032729527
2089,0.6142144547658566
2090,0.27703210895054936
2091,0.3066462543892041
2092,0.3050338966854342
2093,0.32568003874768686
2094,0.7814003134624687
2095,0.24667798494453475
2096,0.36466019710789044
2097,0.4029760375378022
2098,0.25849034262507176
2099,0.24038850326278452
2100,0.5846606294115235
2101,0.31592874517908487
2102,0.29604808177420616
2103,0.34628668256176715
2104,0.3107326375825526
2105,0.6215488721331694
2106,0.6047051218662062
2107,0.22601101293874507
2108,0.44912896801598784
2109,0.49219455269074447
2110,0.4602802183565363
2111,0.7113469563451298
2112,0.3476750087372708
2113,0.6004322373789391
2114,0.2326405938158031
2115,0.2596444356074892
2116,0.32325488792401236
2117,0.6265251583890376
2118,0.31263831227377453
2119,0.26673622405940717
2120,0.2549992052508124
2121,0.37717997263828956
2122,0.25619447059031053
2123,0.4864876240031995
2124,0.23560575431450936
2125,0.4831240760198699
2126,0.24370339288773213
2127,0.2695929258873817
2128,0.31033542946383436
2129,0.31885726308673756
2130,0.5752187653947121
2131,0.6109403275772848
2132,0.27939020305003365
2133,0.3851514343212964
2134,0.39302600661174625
2135,0.2901942889680629
2136,0.34606512534308215
2137,0.8079562563131882
2138,0.3144185578600089
2139,0.3076679903010144
2140,0.2458850513784917
2141,0.36434313585456407
2142,0.48121502615117195
2143,0.26770775221687504
2144,0.26996343273549495
2145,0.28415512081718863
2146,0.6835329342837824
2147,0.230921575025557
2148,0.5807250327006056
2149,0.32105858813178223
2150,0.304064744558664
2151,0.3702402680649686
2152,0.33087632068095724
2153,0.43574848574056346
2154,0.24898330033850422
2155,0.2743123239996471
2156,0.2817073362683806
2157,0.31652049023027584
2158,0.25937641999583927
2159,0.34551726981816927
2160,0.24877521553362442
2161,0.3105175623513949
2162,0.23726564398562255
2163,0.641357391511585
2164,0.28148524358573346
2165,0.24606803605815944
2166,0.2803478140826397
2167,0.2492140330442081
2168,0.3122430056473134
2169,0.6449181162943534
2170,0.2470791811455008
2171,0.27588585554360956
2172,0.24111623988820147
2173,0.3164465661041037
2174,0.3013489205352613
2175,0.5348933766666298
2176,0.2377622923257851
2177,0.3457904343904369
2178,0.295794893827323
2179,0.2720285668196152
2180,0.4106071424530404
2181,0.22283445086287756
2182,0.42695995426055516
2183,0.2560744680026092
2184,0.39396313505580904
2185,0.4550191159148197
2186,0.29685463307242904
2187,0.2655960935491598
2188,0.24830187203318066
2189,0.5164637872845623
2190,0.27790517560757655
2191,0.444725751622629
2192,0.6927577051636739
2193,0.266172313137842
2194,0.3146216242665822
2195,0.26030672787265985
2196,0.30051286425788626
2197,0.4309171781144536
2198,0.7311821972245136
2199,0.6758797743349608
2200,0.36507545270808434
2201,0.35473419962337466
2202,0.28290052374616775
2203,0.26898911841599754
2204,0.5544938553744673
2205,0.32324790569581213
2206,0.2969604033844238
2207,0.2570488405037431
2208,0.2878041514333395
2209,0.2626494046756473
2210,0.35501963846215745
2211,0.23350002210902485
2212,0.3034731089316381
2213,0.29213448085093796
2214,0.24715416431959905
2215,0.26864499430161914
2216,0.4220425769865026
2217,0.2532144995126277
2218,0.2464700434407348
2219,0.3034313567160598
2220,0.22588470669379315
2221,0.3158813059512717
2222,0.2748999871713357
2223,0.3108025918472526
2224,0.2445540195236435
2225,0.22113470518497658
2226,0.24422513379923813
2227,0.22335314210258733
2228,0.6183069014154191
2229,0.6309030255239577
2230,0.2929592491297832
2231,0.26688868332103266
2232,0.253533707823269
2233,0.6575974679641604
2234,0.2851360569269139
2235,0.27085196800505684
2236,0.2435936631831092
2237,0.7296652716404544
2238,0.3072396637678417
2239,0.325074914288952
2240,0.2338855844962115
2241,0.3184245214759772
2242,0.26525522846019983
2243,0.2810932001012352
2244,0.2961976500043814
2245,0.3107085167960616
2246,0.3523012483125411
2247,0.2747949654187653
2248,0.4022566952459018
2249,0.26195875428678245
2250,0.41461933600771944
2251,0.6539560073473129
2252,0.2598239879476733
2253,0.6784411552916636
2254,0.5657699389857033
2255,0.5017886038821705
2256,0.6059267591369999
2257,0.30237966920225046
2258,0.2700174098097256
2259,0.35590245958607825
2260,0.5956674985076053
2261,0.5731353839231268
2262,0.29724464285806645
2263,0.2764242689366916
2264,0.6489690511674033
2265,0.3399755650558303
2266,0.47563194243897117
2267,0.403063110110433
2268,0.6746173417025166
2269,0.2890457686380989
2270,0.3024781970570149
2271,0.3012663999768709
2272,0.2482823158354535
2273,0.5553823020951666
2274,0.4963246700268341
2275,0.6886898314398279
2276,0.48687868128098605
2277,0.44030021236250216
2278,0.33848611147166496
2279,0.28254432071741503
2280,0.7542909579179503
2281,0.6210327050457577
2282,0.28648054361490827
2283,0.27469932287724275
2284,0.32241704090331674
2285,0.328753012452301
2286,0.28731957334042607
2287,0.2626758172452688
2288,0.39849882495794425
2289,0.28542855580423465
2290,0.2433067128650728
2291,0.287912205502136
2292,0.5907143231790123
2293,0.3278380633336362
2294,0.6485781993340882
2295,0.23287143985628897
2296,0.23920645751296019
2297,0.2357029173400544
2298,0.5694175851109322
2299,0.28644301047958654
2300,0.33876832009422164
2301,0.26607792013084824
2302,0.22336846756459763
2303,0.5786736083908215
2304,0.28886743283139044
2305,0.6516139546414014
2306,0.4629219833332824
2307,0.5419327844653824
2308,0.23252375591790336
2309,0.577669594140608
2310,0.3079276424866124
2311,0.33930640464718986
2312,0.5662718823522112
2313,0.2659245688329027
2314,0.4135785792428461
2315,0.2669234856759727
2316,0.2562497901849169
2317,0.671304544359409
2318,0.6367185918448803
2319,0.3049767058939519
2320,0.2334322090190591
2321,0.3071108813194233
2322,0.6498444744494896
2323,0.5133941344951493
2324,0.29905367582018927
2325,0.28910966504489766
2326,0.6573025255011687
2327,0.828102417258462
2328,0.28140414210765496
2329,0.2889158707514504
2330,0.6315012327700661
2331,0.30293209055164444
2332,0.2826375886005546
2333,0.30282574697229353
2334,0.22589467965520293
2335,0.35767348866153786
2336,0.4877598432602677
2337,0.30024105439842386
2338,0.242581295071024
2339,0.22418566360239678
2340,0.2797946414338519
2341,0.2326648821865009
2342,0.2869018891132712
2343,0.287260621694953
2344,0.5757560236652483
2345,0.2595809735470443
2346,0.23150081875792972
2347,0.25696514352998234
2348,0.31814172784446926
2349,0.3529821465677953
2350,0.22846632711177078
2351,0.25243986059843665
2352,0.25887644490459605
2353,0.28851047748031955
2354,0.26695045734599665
2355,0.23095639041429541
2356,0.5435511260664824
2357,0.31458989773236334
2358,0.2866192506160703
2359,0.22686148465712058
2360,0.33302727320326203
2361,0.29556963560316
2362,0.5979385850033858
2363,0.29116882327837557
2364,0.5068311314293796
2365,0.24709600440456037
2366,0.2902509038507335
2367,0.29145809397571093
2368,0.2887136836106734
2369,0.2798461379962809
2370,0.22685737700692177
2371,0.24255072096814145
2372,0.2487591634568837
2373,0.23847841305327042
2374,0.7933906027757738
2375,0.30913452314174755
2376,0.29251613295966605
2377,0.2993092175942267
2378,0.27226876889188745
2379,0.2478017011576274
2380,0.2680465039563892
2381,0.8272087002486139
2382,0.26336035923924855
2383,0.2939503705773737
2384,0.339752933115113
2385,0.34635970990756365
2386,0.38366811192171574
2387,0.5634728760704814
2388,0.33106505815482945
2389,0.29954930687444076
2390,0.7148127346759077
2391,0.587140260961036
2392,0.26602216492119274
2393,0.6960515305127276
2394,0.3044910871838151
2395,0.24211314707763218
2396,0.23453050450261498
2397,0.3896583903859036
2398,0.24152290840121599
2399,0.2468677793108732
2400,0.28481361385834797
2401,0.2862876340222488
2402,0.27970116018437685
2403,0.3159875351760282
2404,0.45343660151251525
2405,0.2867909017492964
2406,0.2954717246786596
2407,0.29529982541517835
2408,0.27787590643302473
2409,0.35467739003644333
2410,0.24410256966641877
2411,0.2545534984593741
2412,0.509801604614777
2413,0.3069780341014839
2414,0.24172935933428547
2415,0.22418302979220883
2416,0.5969318333301766
2417,0.3699786272741937
2418,0.29527449261632094
2419,0.3298730181713158
2420,0.29913451993797263
2421,0.22787923477865277
2422,0.2230726434282387
2423,0.702802118769228
2424,0.3082507822863199
2425,0.24592795823836966
2426,0.26789360644514504
2427,0.6069377279111294
2428,0.2724123442192393
2429,0.747694579067102
2430,0.2602668518268076
2431,0.32639222628024017
2432,0.3179682710736852
2433,0.3260390165921711
2434,0.7342294333558758
2435,0.2785801763696503
2436,0.699391341049502
2437,0.2282214641242686
2438,0.3510001805441395
2439,0.26355295354143465
2440,0.26865458150442356
2441,0.5828771740344487
2442,0.25578281896241917
2443,0.23097845032841455
2444,0.2974568901423148
2445,0.3430257830719699
2446,0.40143256474171857
2447,0.29544947861170623
2448,0.29792894783599316
2449,0.583583054146291
2450,0.6868148728935349
2451,0.6302172510185193
2452,0.3126322846376861
2453,0.24854525208903444
2454,0.4443175843596086
2455,0.34864873329601387
2456,0.37197107938436935
2457,0.2533117647645245
2458,0.3490072439085256
2459,0.3028368829278568
2460,0.22212053552762537
2461,0.2539681817512546
2462,0.37824672616282695
2463,0.4804670137252433
2464,0.24312604063734
2465,0.342047154798923
2466,0.2426064737033226
2467,0.22947279203962268
2468,0.5381083054867436
2469,0.316551276579928
2470,0.3172471487673286
2471,0.27461200854340606
2472,0.2403122861404403
2473,0.25156253244137294
2474,0.2458313459178562
2475,0.2474554442945678
2476,0.23281044149983085
2477,0.2434605230240494
2478,0.292153201425845
2479,0.2293964931548277
2480,0.36444482466927525
2481,0.3469230630722005
2482,0.3072165778642798
2483,0.22238758633095443
2484,0.3033735740806483
2485,0.3016034359269744
2486,0.6937316750222755
2487,0.363209532498566
2488,0.274797793988641
2489,0.6755857961702059
2490,0.6028453173094468
2491,0.3364945130799007
2492,0.5157247550462764
2493,0.2896583691478781
2494,0.5926828255312079
2495,0.30124802003578405
2496,0.23822850687130018
2497,0.2959689680695383
2498,0.48015115592615737
2499,0.5420720349696638
